Designator,Footprint,Quantity,Value,LCSC Part #
BUZZER1,BUZ-TH_BD9.0-P4.00-D0.6-FD,1,Buzzer 2-5V,
"C1, C2, C3, C5, C6, C7",C0402,6,1uF 25V,
C4,C0402_NEW,1,16V 100nF,
CN1,USB-A-TH_AM90,1,USB Male,
H1,HDR-TH_5P-P2.54-V-F,1,Header 2.54 5P Female,
LED1,LED-SMD_L3.0-W3.0_WHITE,1,XL-3030UWC-1W-3V,
"Q1, Q2",SOT-23-3_L2.9-W1.6-P1.90-LS2.8-BR,2,AO3400A,
"R1, R2, R3, R4, R5",R0805,5,33Ω,
"R10, R11, R7, R9",R0402,4,10kΩ 0402 50V,
"R6, R8",R0402,2,100Ω 0402 50V,
U1,LQFP-48_7x7mm_P0.5mm,1,STM32F030C8Tx,
U2,SOT-89-3_L4.5-W2.5-P1.50-LS4.2-BR,1,HT7533-1_C14289,
U3,LGA-12_L2.0-W2.0-P0.50-BL,1,LIS2DH12TR,
